{
    "root_group": {
        "path": "",
        "id": "d41d8cd98f00b204e9800998ecf8427e",
        "groups": {},
        "checks": {},
        "name": ""
    },
    "metrics": {
        "rate_5xx": {
            "passes": 0,
            "fails": 10635,
            "thresholds": {
                "rate<0.10": false
            },
            "value": 0
        },
        "rate_429": {
            "passes": 0,
            "fails": 10635,
            "thresholds": {
                "rate<0.05": false
            },
            "value": 0
        },
        "http_req_blocked": {
            "p(95)": 0.000427,
            "avg": 0.02096116361071927,
            "min": 0.000073,
            "med": 0.000228,
            "max": 5.56227,
            "p(90)": 0.000374
        },
        "http_req_sending": {
            "p(95)": 0.09242149999999988,
            "avg": 0.05269211208274557,
            "min": 0.008723,
            "med": 0.047496,
            "max": 0.85376,
            "p(90)": 0.07811400000000002
        },
        "http_reqs": {
            "rate": 136.80394709962005,
            "count": 10635
        },
        "http_req_duration{expected_response:true}": {
            "p(95)": 387.16266369999994,
            "avg": 159.71886368058318,
            "min": 16.544442,
            "med": 123.995102,
            "max": 1798.436315,
            "p(90)": 340.5322982000001
        },
        "http_req_failed": {
            "passes": 0,
            "fails": 10635,
            "value": 0
        },
        "http_req_duration": {
            "avg": 159.71886368058318,
            "min": 16.544442,
            "med": 123.995102,
            "max": 1798.436315,
            "p(90)": 340.5322982000001,
            "p(95)": 387.16266369999994
        },
        "http_req_waiting": {
            "min": 16.440739,
            "med": 119.473075,
            "max": 1792.296986,
            "p(90)": 326.2565294,
            "p(95)": 371.82860609999994,
            "avg": 153.2608508625301
        },
        "vus": {
            "min": 1,
            "max": 79,
            "value": 1
        },
        "http_req_tls_handshaking": {
            "med": 0,
            "max": 4.518598,
            "p(90)": 0,
            "p(95)": 0,
            "avg": 0.018836811095439582,
            "min": 0
        },
        "data_received": {
            "count": 2509025,
            "rate": 32274.990443970302
        },
        "data_sent": {
            "rate": 6774.271616486827,
            "count": 526625
        },
        "iteration_duration": {
            "med": 223.659576,
            "max": 950.211141,
            "p(90)": 435.1764708,
            "p(95)": 479.5862620999999,
            "avg": 253.23213834461603,
            "min": 116.94292
        },
        "http_req_connecting": {
            "avg": 0.0010098441937000469,
            "min": 0,
            "med": 0,
            "max": 0.846328,
            "p(90)": 0,
            "p(95)": 0
        },
        "vus_max": {
            "value": 80,
            "min": 80,
            "max": 80
        },
        "rate_timeout": {
            "passes": 0,
            "fails": 10635,
            "thresholds": {
                "rate<0.20": false
            },
            "value": 0
        },
        "iterations": {
            "count": 10635,
            "rate": 136.80394709962005
        },
        "http_req_receiving": {
            "min": 0.007215,
            "med": 0.235955,
            "max": 151.195412,
            "p(90)": 19.745136600000055,
            "p(95)": 45.34061189999997,
            "avg": 6.405320705970824
        }
    }
}