{
    "metrics": {
        "rate_timeout": {
            "passes": 0,
            "fails": 13749,
            "thresholds": {
                "rate<0.20": false
            },
            "value": 0
        },
        "rate_429": {
            "passes": 0,
            "fails": 13749,
            "thresholds": {
                "rate<0.05": false
            },
            "value": 0
        },
        "http_reqs": {
            "count": 13749,
            "rate": 172.7339897221249
        },
        "vus": {
            "max": 79,
            "value": 1,
            "min": 1
        },
        "rate_5xx": {
            "passes": 0,
            "fails": 13749,
            "thresholds": {
                "rate<0.10": false
            },
            "value": 0
        },
        "iteration_duration": {
            "avg": 195.96521786893518,
            "min": 116.887228,
            "med": 155.521735,
            "max": 783.182417,
            "p(90)": 337.7711724000002,
            "p(95)": 392.46301659999995
        },
        "http_req_sending": {
            "avg": 0.05571352156520477,
            "min": 0.009587,
            "med": 0.048509,
            "max": 2.522034,
            "p(90)": 0.08154720000000003,
            "p(95)": 0.09630519999999998
        },
        "http_req_duration": {
            "p(95)": 297.63017659999986,
            "avg": 101.2005893182052,
            "min": 16.60022,
            "med": 55.147959,
            "max": 1853.084166,
            "p(90)": 241.33281060000002
        },
        "http_req_duration{expected_response:true}": {
            "max": 1853.084166,
            "p(90)": 241.33281060000002,
            "p(95)": 297.63017659999986,
            "avg": 101.2005893182052,
            "min": 16.60022,
            "med": 55.147959
        },
        "http_req_connecting": {
            "p(95)": 0,
            "avg": 0.0008128882100516404,
            "min": 0,
            "med": 0,
            "max": 0.270897,
            "p(90)": 0
        },
        "http_req_tls_handshaking": {
            "p(90)": 0,
            "p(95)": 0,
            "avg": 0.01658839573787185,
            "min": 0,
            "med": 0,
            "max": 5.514048
        },
        "http_req_waiting": {
            "max": 1846.773572,
            "p(90)": 229.14609460000003,
            "p(95)": 285.63815739999956,
            "avg": 97.93472532845989,
            "min": 16.497341,
            "med": 54.231109
        },
        "http_req_failed": {
            "passes": 0,
            "fails": 13749,
            "value": 0
        },
        "data_received": {
            "count": 3173796,
            "rate": 39873.623219442954
        },
        "http_req_blocked": {
            "avg": 0.018404259655247626,
            "min": 0.000079,
            "med": 0.00026,
            "max": 5.848405,
            "p(90)": 0.000418,
            "p(95)": 0.000472
        },
        "iterations": {
            "count": 13749,
            "rate": 172.7339897221249
        },
        "vus_max": {
            "value": 80,
            "min": 80,
            "max": 80
        },
        "data_sent": {
            "count": 639534,
            "rate": 8034.712297836165
        },
        "http_req_receiving": {
            "max": 756.693509,
            "p(90)": 5.912429600000002,
            "p(95)": 16.936120799999937,
            "avg": 3.2101504681795068,
            "min": 0.007548,
            "med": 0.08317
        }
    },
    "root_group": {
        "groups": {},
        "checks": {},
        "name": "",
        "path": "",
        "id": "d41d8cd98f00b204e9800998ecf8427e"
    }
}