{
    "root_group": {
        "id": "d41d8cd98f00b204e9800998ecf8427e",
        "groups": {},
        "checks": {},
        "name": "",
        "path": ""
    },
    "metrics": {
        "iterations": {
            "rate": 113.25812938772435,
            "count": 8994
        },
        "http_reqs": {
            "count": 8994,
            "rate": 113.25812938772435
        },
        "iteration_duration": {
            "p(90)": 527.7669148,
            "p(95)": 629.8576780000001,
            "avg": 299.5292499514112,
            "min": 117.435801,
            "med": 255.29128500000002,
            "max": 1539.260496
        },
        "http_req_blocked": {
            "p(90)": 0.000471,
            "p(95)": 0.0005517000000000007,
            "avg": 0.028030324438514387,
            "min": 0.000073,
            "med": 0.000264,
            "max": 4.970052
        },
        "http_req_duration{expected_response:true}": {
            "avg": 208.27888579386251,
            "min": 16.865536,
            "med": 155.115052,
            "max": 2369.695102,
            "p(90)": 432.97416089999996,
            "p(95)": 542.48588635
        },
        "vus_max": {
            "value": 80,
            "min": 80,
            "max": 80
        },
        "rate_5xx": {
            "passes": 0,
            "fails": 8994,
            "thresholds": {
                "rate<0.10": false
            },
            "value": 0
        },
        "http_req_connecting": {
            "min": 0,
            "med": 0,
            "max": 0.356332,
            "p(90)": 0,
            "p(95)": 0,
            "avg": 0.0015265239048254389
        },
        "http_req_sending": {
            "med": 0.0692705,
            "max": 4.451159,
            "p(90)": 0.11030129999999999,
            "p(95)": 0.13047125,
            "avg": 0.07412772759617546,
            "min": 0.008779
        },
        "http_req_failed": {
            "passes": 0,
            "fails": 8994,
            "value": 0
        },
        "http_req_tls_handshaking": {
            "avg": 0.024920225706026235,
            "min": 0,
            "med": 0,
            "max": 4.578701,
            "p(90)": 0,
            "p(95)": 0
        },
        "http_req_waiting": {
            "avg": 197.94355959339615,
            "min": 16.774629,
            "med": 149.6638635,
            "max": 2354.085807,
            "p(90)": 406.9748665999999,
            "p(95)": 501.95298355000017
        },
        "rate_429": {
            "passes": 0,
            "fails": 8994,
            "thresholds": {
                "rate<0.05": false
            },
            "value": 0
        },
        "http_req_duration": {
            "avg": 208.27888579386251,
            "min": 16.865536,
            "med": 155.115052,
            "max": 2369.695102,
            "p(90)": 432.97416089999996,
            "p(95)": 542.48588635
        },
        "data_sent": {
            "count": 467059,
            "rate": 5881.501962830904
        },
        "vus": {
            "value": 1,
            "min": 1,
            "max": 79
        },
        "data_received": {
            "count": 2155745,
            "rate": 27146.502794856555
        },
        "rate_timeout": {
            "fails": 8994,
            "passes": 0,
            "thresholds": {
                "rate<0.20": false
            },
            "value": 0
        },
        "http_req_receiving": {
            "avg": 10.261198472870781,
            "min": 0.01072,
            "med": 0.31997,
            "max": 779.613424,
            "p(90)": 35.44738199999998,
            "p(95)": 63.587338250000045
        }
    }
}