{
    "metrics": {
        "http_req_blocked": {
            "max": 10.084512,
            "p(90)": 0.000718,
            "p(95)": 0.0008840999999999986,
            "avg": 0.03379867788461544,
            "min": 0.000095,
            "med": 0.000346
        },
        "http_req_receiving": {
            "med": 0.142808,
            "max": 742.277539,
            "p(90)": 11.066698600000006,
            "p(95)": 31.757393949999948,
            "avg": 5.233269045192311,
            "min": 0.013916
        },
        "iterations": {
            "count": 11440,
            "rate": 146.8249637198672
        },
        "rate_5xx": {
            "passes": 0,
            "fails": 11440,
            "thresholds": {
                "rate<0.10": false
            },
            "value": 0
        },
        "http_req_tls_handshaking": {
            "avg": 0.029841403933566435,
            "min": 0,
            "med": 0,
            "max": 9.672318,
            "p(90)": 0,
            "p(95)": 0
        },
        "http_req_failed": {
            "passes": 0,
            "fails": 11440,
            "value": 0
        },
        "http_req_waiting": {
            "p(95)": 389.2790158999999,
            "avg": 136.73285969737725,
            "min": 18.864099,
            "med": 87.37022999999999,
            "max": 2061.889748,
            "p(90)": 303.92102339999997
        },
        "http_reqs": {
            "rate": 146.8249637198672,
            "count": 11440
        },
        "data_sent": {
            "count": 555955,
            "rate": 7135.321040636256
        },
        "http_req_duration{expected_response:true}": {
            "avg": 142.093356997291,
            "min": 19.040827,
            "med": 89.31254799999999,
            "max": 2072.934819,
            "p(90)": 317.3640913,
            "p(95)": 407.75468159999986
        },
        "iteration_duration": {
            "max": 999.507897,
            "p(90)": 413.2963438,
            "p(95)": 492.87758055,
            "avg": 235.53334483566508,
            "min": 119.380812,
            "med": 189.812429
        },
        "http_req_connecting": {
            "p(95)": 0,
            "avg": 0.0019357868006993004,
            "min": 0,
            "med": 0,
            "max": 2.484295,
            "p(90)": 0
        },
        "vus": {
            "min": 1,
            "max": 79,
            "value": 1
        },
        "http_req_duration": {
            "p(90)": 317.3640913,
            "p(95)": 407.75468159999986,
            "avg": 142.093356997291,
            "min": 19.040827,
            "med": 89.31254799999999,
            "max": 2072.934819
        },
        "http_req_sending": {
            "p(95)": 0.2169564,
            "avg": 0.12722825472027938,
            "min": 0.013976,
            "med": 0.113969,
            "max": 9.248856,
            "p(90)": 0.18398270000000003
        },
        "data_received": {
            "count": 2672070,
            "rate": 34294.28153906867
        },
        "vus_max": {
            "value": 80,
            "min": 80,
            "max": 80
        },
        "rate_timeout": {
            "passes": 0,
            "fails": 11440,
            "thresholds": {
                "rate<0.20": false
            },
            "value": 0
        },
        "rate_429": {
            "fails": 11440,
            "passes": 0,
            "thresholds": {
                "rate<0.05": false
            },
            "value": 0
        }
    },
    "root_group": {
        "id": "d41d8cd98f00b204e9800998ecf8427e",
        "groups": {},
        "checks": {},
        "name": "",
        "path": ""
    }
}