{
    "root_group": {
        "name": "",
        "path": "",
        "id": "d41d8cd98f00b204e9800998ecf8427e",
        "groups": {},
        "checks": {}
    },
    "metrics": {
        "http_reqs": {
            "count": 8211,
            "rate": 103.36719647225954
        },
        "http_req_blocked": {
            "p(95)": 0.0008465,
            "avg": 0.04481872609913528,
            "min": 0.000088,
            "med": 0.000295,
            "max": 9.461125,
            "p(90)": 0.000652
        },
        "http_req_connecting": {
            "max": 1.410626,
            "p(90)": 0,
            "p(95)": 0,
            "avg": 0.002584950919498233,
            "min": 0,
            "med": 0
        },
        "iteration_duration": {
            "avg": 328.2274055014002,
            "min": 119.365638,
            "med": 286.402499,
            "max": 1396.763088,
            "p(90)": 595.533487,
            "p(95)": 728.8142335
        },
        "rate_429": {
            "passes": 0,
            "fails": 8211,
            "thresholds": {
                "rate<0.05": false
            },
            "value": 0
        },
        "http_req_tls_handshaking": {
            "med": 0,
            "max": 8.951825,
            "p(90)": 0,
            "p(95)": 0,
            "avg": 0.039509407014979896,
            "min": 0
        },
        "http_req_sending": {
            "p(90)": 0.177654,
            "p(95)": 0.20590799999999998,
            "avg": 0.11889923273657278,
            "min": 0.014177,
            "med": 0.108014,
            "max": 4.084568
        },
        "iterations": {
            "count": 8211,
            "rate": 103.36719647225954
        },
        "data_sent": {
            "rate": 5523.126717265972,
            "count": 438731
        },
        "rate_timeout": {
            "passes": 0,
            "fails": 8211,
            "thresholds": {
                "rate<0.20": false
            },
            "value": 0
        },
        "http_req_duration": {
            "p(95)": 665.118162,
            "avg": 239.9373273417363,
            "min": 18.700133,
            "med": 187.176045,
            "max": 2192.920623,
            "p(90)": 512.781219
        },
        "vus": {
            "value": 1,
            "min": 1,
            "max": 79
        },
        "http_req_waiting": {
            "avg": 225.73843497576462,
            "min": 18.522374,
            "med": 179.635941,
            "max": 2117.29142,
            "p(90)": 473.46894,
            "p(95)": 604.5348595
        },
        "data_received": {
            "count": 1986827,
            "rate": 25011.903162268907
        },
        "vus_max": {
            "value": 80,
            "min": 80,
            "max": 80
        },
        "http_req_failed": {
            "passes": 0,
            "fails": 8211,
            "value": 0
        },
        "http_req_receiving": {
            "avg": 14.079993133235918,
            "min": 0.016269,
            "med": 0.712756,
            "max": 876.497378,
            "p(90)": 50.927668,
            "p(95)": 80.036516
        },
        "http_req_duration{expected_response:true}": {
            "avg": 239.9373273417363,
            "min": 18.700133,
            "med": 187.176045,
            "max": 2192.920623,
            "p(90)": 512.781219,
            "p(95)": 665.118162
        },
        "rate_5xx": {
            "passes": 0,
            "fails": 8211,
            "thresholds": {
                "rate<0.10": false
            },
            "value": 0
        }
    }
}